Smiles	Label	Score
CSc1cccc2c(C(=O)NCc3cccc4cccnc34)nc(N)nc12	1.0	0.3585933333333333
CCCCn1c(=O)c2c(nc3n2CCCN3c2ccc(OCCN3CCCCC3)cc2)n(CCCC)c1=O	0.0	0.1843466666666667
CCCn1c(=O)c2[nH]c(-c3cc(OCC4CC(=O)N(c5ccc(C(F)(F)F)cc5)C4)no3)nc2n(CCC)c1=O	0.0	0.36416666666666664
Cc1ccc(-c2nc(N)c3nn(-c4ccccc4)cc3n2)o1	1.0	0.6407633333333334
CCn1nc(-c2ccccn2)c2sccc2c1=O	0.0	0.11943333333333335
CNC(=O)[C@H]1[Se][C@@H](n2cnc3c(NCc4cccc(Cl)c4)nc(Cl)nc32)[C@H](O)[C@@H]1O	1.0	0.352
C=CCOc1ccc(-c2c(C#N)c(N)nc(SCc3ccn[nH]3)c2C#N)cc1	1.0	0.9527999999999999
Nc1nc(NC2CCCCC2)nc2nc(-c3ccco3)nn12	1.0	0.28666666666666674
O[C@@H]1[C@@H](CCl)O[C@@H](n2cnc3c(N[C@@H]4CCOC4)nc(Cl)nc32)[C@@H]1O	1.0	0.9514166666666668
CC(=O)Nc1cc(-c2ccccc2)cc(-c2ccccc2)n1	1.0	0.5595333333333333
COc1ccc(Nc2nc3c(N4CCC[C@H]4CO)ncnc3s2)cc1	0.0	0.2913366666666667
CNc1nc(NC(=O)c2ccccc2)n2nc(-c3ccco3)nc2n1	0.0	0.19125
COc1ccnc2c(CNC(=O)c3nc(N)nc4c(F)cccc34)cccc12	1.0	0.36180190476190477
CCn1nc(-c2cccc(-c3cc(C(=O)NCCN4CCOCC4)cc(C(=O)NC4CC4)c3)c2)cc(NC(=O)Nc2c(Cl)cncc2Cl)c1=O	0.0	0.27562333333333333
CCN(CC)CCOc1ccc(CCN2CCCn3c2nc2c3c(=O)n(C)c(=O)n2C)cc1	0.0	0.11503333333333335
Clc1ccc(Nc2nc3c(N4CCCCC4)ncnc3s2)cc1	0.0	0.1709304761904762
Nc1nc(NCc2ccccc2)nc2sc(-c3ccco3)nc12	1.0	0.38110000000000005
CCCCn1c(=O)c2c(nc3n2CCCN3CCc2ccc(OCCN(CC)CC)cc2)n(CCCC)c1=O	0.0	0.18436666666666665
CCCn1c(NCc2ccc(C)cc2)nc2nc(C3CCCC3)[nH]c2c1=O	1.0	0.4041666666666666
O=C(Nc1ccccc1)Nc1nc(NCc2ccccc2)nc2nc(-c3ccco3)nn12	1.0	0.22400000000000003
CNc1ncc(C(=O)OCc2ccc(F)cc2)c2nc(-c3ccco3)nn12	0.0	0.2142
COc1cccc2c(C(=O)NCc3cccc4cccnc34)nc(N)nc12	1.0	0.34628666666666663
Cc1cccc(-c2cnc(N)nc2-c2ccccc2)c1	1.0	0.52985
Nc1nc(NCCCc2ccccc2)nc2sc(-c3ccco3)nc12	1.0	0.41818571428571427
Cn1c(-c2ccccc2)nc2c(NC3CCCC3)ncnc21	1.0	0.35713333333333336
CCOC(=O)c1cnc(NN)n2nc(-c3ccco3)nc12	0.0	0.25178333333333336
O=c1[nH]c(-c2ccccc2)cn2c(=O)n(-c3ccc(O)cc3)nc12	1.0	0.3791
CN1[C@H]2CCC[C@@H]1C[C@H](Nc1ncnc3c1ncn3[C@@H]1O[C@H](CSc3ccccc3F)[C@@H](O)[C@H]1O)C2	0.0	0.7143823809523809
Clc1ccc(Nc2nc3ccccc3c3[nH]c(C4CCCC4)nc23)cc1Cl	0.0	0.3412833333333333
CCn1nnc([C@H]2O[C@@H](n3cnc4c(NCC5CC5)nc(Cl)nc43)[C@H](O)[C@@H]2O)n1	1.0	0.7748566666666666
Cc1ccc(C(=O)c2cnc(N)n2-c2ccc(Cl)cc2)cc1	0.0	0.15625
CCCn1c(=O)[nH]c2nc(-c3ccc(OCC(=O)NCCCCCC4=C5C(C)=CC(C)=[N+]5[B-](F)(F)n5c(C)cc(C)c54)cc3)[nH]c2c1=O	0.0	0.36185
CNC(=O)[C@H]1[Se][C@@H](n2cnc3c(NC4CCCC4)nc(Cl)nc32)[C@H](O)[C@@H]1O	1.0	0.6366999999999999
Nc1nc(C(=O)NCc2cccc3[nH]cnc23)c2cccc(F)c2n1	1.0	0.39277666666666666
COc1cccc(CNc2nc(N)c3nc(-c4ccc(C)o4)sc3n2)c1	1.0	0.3336190476190476
CNC(=O)[C@H]1[Se][C@@H](n2cnc3c(NCc4cccc(Br)c4)ncnc32)[C@H](O)[C@@H]1O	1.0	0.24779999999999996
OC[C@@H]1CCCN1c1ncnc2sc(Nc3cccc(Br)c3)nc12	0.0	0.31893666666666665
CCNC(=O)[C@H]1O[C@@H](n2cnc3c(N4[C@H]5CCC[C@@H]4C[C@@H](N)C5)ncnc32)[C@H](O)[C@@H]1O	0.0	0.53895
CCn1nc(-c2cccc(-c3cccc(C(=O)NC4CC4)c3)c2)cc(NC(=O)Nc2c(Cl)cncc2Cl)c1=O	1.0	0.31161000000000005
COc1cccc(CNc2nc(N)c3nc(-c4ccco4)sc3n2)c1	1.0	0.41640000000000005
Nc1nc(-c2ccc(OCc3ccccc3)cc2)cn2c(=O)n(-c3ccccc3)nc12	0.0	0.40285000000000004
Cc1cc(C)n(C[C@H]2O[C@@H](n3cnc4c(NC5CCCC5)ncnc43)[C@H](O)[C@@H]2O)n1	1.0	0.8052999999999999
CCCn1c(O[C@@H]2CCOC2)nc2nc(C3CCCC3)[nH]c2c1=O	1.0	0.42000000000000004
O=c1oc2c(O)c(O)ccc2cc1-c1cc(Br)cs1	0.0	0.16749999999999998
O=c1oc2c(O)cccc2cc1-c1ccsc1	0.0	0.1021
CCCn1c(=O)c2[nH]c(-c3cnn(CC4CC(=O)N(c5ccc(C(F)(F)F)cc5)C4)c3)nc2n(CC)c1=O	0.0	0.2516166666666667
COc1ccc(N2CCOCC2)c2sc(NC(=O)C3(C)CCC(O)CC3)nc12	1.0	0.22966000000000003
CCn1nc(-c2cccc(-c3cccc(C(=O)NCCCCCCCN(C)CCO)c3)c2)cc(NC(=O)Nc2c(Cl)cncc2Cl)c1=O	1.0	0.3266
CNC(=O)[C@H]1[Se][C@@H](n2cnc3c(NCc4cccc(Cl)c4)ncnc32)[C@H](O)[C@@H]1O	0.0	0.2364
Cc1nc2c(N)nc(NCc3ccccc3)nc2s1	0.0	0.1942
Cn1c(-c2ccccc2)nc2c(NC3CCC3)ncnc21	1.0	0.33581333333333335
Nc1nc(-c2ccco2)nc2cn(-c3ccccc3O)nc12	0.0	0.5608666666666666
CCOC(=O)[C@@]12C[C@@H]1[C@@H](n1cnc3c(N(C)C)nc(Cl)nc31)[C@H](O)[C@@H]2O	0.0	0.2861166666666667
CNc1ncc(C(=O)OC(C)C)c2nc(-c3ccco3)nn12	0.0	0.33593333333333336
NCCCCCCNC(=O)COc1ccc(CCCn2ncc3c2nc(N)n2nc(-c4ccco4)nc32)cc1	0.0	0.11313333333333334
Nc1ncc(-c2ccncc2)c(-c2ccccc2)n1	1.0	0.5494
Nc1ncc(-c2ccc(O)c(Cl)c2)c(-c2ccccc2)n1	1.0	0.60285
COc1cccc(-c2cn3c(=O)n(-c4ccccc4)nc3c(=O)[nH]2)c1	0.0	0.3061
Cn1c(-c2ccc(F)cc2)nc2c(NC3CCCC3)ncnc21	1.0	0.3353666666666667
Cc1nc(Nc2ccccc2)sc1C(=O)c1cnc(N)n1-c1ccc(Cl)cc1	0.0	0.21919999999999998
Nc1nc(C(=O)NCc2cccc3c2C(=O)NC3)c2cccc(F)c2n1	1.0	0.4023466666666667
CNC(=O)[C@H]1[Se][C@@H](n2cnc3c(NCc4cccc(F)c4)ncnc32)[C@H](O)[C@@H]1O	0.0	0.22519999999999998
CNc1ncc(C(=O)OCc2ccccc2Cl)c2nc(-c3ccco3)nn12	0.0	0.25179999999999997
N#Cc1c(N)nc(SCc2ncc[nH]2)c(C#N)c1-c1ccc(OCC2CC2)cc1	1.0	0.9468666666666665
Nc1nc(NCc2cccc(O)c2)nc2sc(-c3ccco3)nc12	1.0	0.40509000000000006
CCn1nnc([C@H]2O[C@@H](n3cnc4c(NCc5ccc(Cl)cc5F)ncnc43)[C@H](O)[C@@H]2O)n1	1.0	0.7358999999999999
CCn1nnc([C@H]2O[C@@H](n3cnc4c(NCc5cccs5)ncnc43)[C@H](O)[C@@H]2O)n1	1.0	0.7425166666666667
c1ccc(Nc2nc3c(N4CCNCC4)ncnc3s2)cc1	0.0	0.16761666666666666
CCCNc1nc(N)c2nc(-c3ccco3)sc2n1	1.0	0.38583999999999996
CCn1nc(-c2cccc(-c3cc(C(=O)NC4CC4)cc(C(=O)NC4CC4)c3)c2)cc(NC(=O)Nc2c(Cl)cncc2Cl)c1=O	0.0	0.30204333333333333
COc1ccccc1CNc1nc(N)c2nc(-c3ccco3)sc2n1	1.0	0.4016066666666667
CNC(=O)[C@H]1[Se][C@@H](n2cnc3c(NC4CCC4)ncnc32)[C@H](O)[C@@H]1O	1.0	0.5820333333333333
Nc1nc(Br)cn2cc(-c3ccco3)nc12	1.0	0.38239999999999996
CCCn1c(NCc2cccc(Cl)c2)nc2nc(C3CCCC3)[nH]c2c1=O	1.0	0.3994
Cc1cc(C)n(C[C@H]2O[C@@H](n3cnc4c(NC5CC6CCC5C6)ncnc43)[C@H](O)[C@@H]2O)n1	1.0	0.7626
Cc1ccc(-c2nc(N)c3nn(Cc4ccccc4F)cc3n2)o1	1.0	0.4835
CCOc1ccnc2c(CNC(=O)c3nc(N)nc4c(F)cccc34)cccc12	1.0	0.35587666666666673
Cc1ccc(-c2nc(N)c3nn(Cc4ccccc4)cc3n2)o1	1.0	0.42058
OC[C@@]12C[C@@H]1[C@@H](n1cnc3c(NC(C4CC4)C4CC4)nc(Cl)nc31)[C@H](O)[C@@H]2O	1.0	0.7735266666666668
Cc1ccc(-c2nc(N)c3nn(Cc4ccccc4Cl)cc3n2)o1	1.0	0.4861983333333334
O=C(Nc1c(Cl)cncc1Cl)c1ccc(OC(F)F)c(OCC2CC2)c1	0.0	0.16725666666666666
CCCCn1c(=O)c2c(nc3n2CCCN3c2ccc(OCCN(C)C)cc2)n(CCCC)c1=O	0.0	0.17258333333333334
Cn1nccc1-c1cccc2c(C(=O)NCc3cccc4cccnc34)nc(N)nc12	0.0	0.32624904761904755
Cc1cn2c(=O)n(-c3ccccc3)nc2c(=O)[nH]1	0.0	0.20259999999999997
COc1cc(Nc2nc3c(Cl)ncnc3s2)cc(OC)c1OC	0.0	0.21604
CCCn1c(-c2ccccc2)nc2c(N)ncnc21	1.0	0.3668666666666667
CCCn1c(=O)[nH]c2nc(-c3ccc(OCC(=O)NCCC4=C5C(C)=CC(C)=[N+]5[B-](F)(F)n5c(C)cc(C)c54)cc3)[nH]c2c1=O	0.0	0.3565666666666667
Nc1nc(C(=O)NCc2nccc3ccccc23)c2cccc(F)c2n1	1.0	0.39110333333333336
Nc1nc(NCCc2ccccc2)nc2sc(-c3ccccc3)nc12	1.0	0.3186
CNc1ncc(C(=O)OCc2ccc(C)cc2)c2nc(-c3ccco3)nn12	1.0	0.2218
Cc1cc(C)n(C[C@H]2O[C@@H](n3cnc4c(NC5CC6CCC5C6)nc(Cl)nc43)[C@H](O)[C@@H]2O)n1	1.0	0.7848
CCCn1c(Oc2cc(C)ccn2)nc2nc(C3CCCC3)[nH]c2c1=O	0.0	0.40038333333333326
Nc1nc(C(=O)NCc2cccc3cc(C(=O)N4CCCc5ccccc54)cnc23)c2cccc(F)c2n1	1.0	0.3110166666666666
COc1ccccc1-n1nc2c(=O)[nH]c(-c3ccccc3)cn2c1=O	0.0	0.26280000000000003
Nc1nc(NCCc2ccc(O)c(O)c2)nc2sc(-c3ccco3)nc12	1.0	0.37029
COc1ccc(C(=O)c2cnc(N)n2-c2ccc(F)cc2)cc1	0.0	0.1748
O[C@@H]1[C@@H](CSc2ccccc2F)O[C@@H](n2cnc3c(N[C@@H]4CCC[C@H]4O)ncnc32)[C@@H]1O	0.0	0.828302380952381
C/C(=C\COc1ccccc1CN(C)C(=O)c1ccc(-c2ccco2)cc1)CCC(=O)O	0.0	0.21293333333333334
Nc1nc(C(=O)NCc2cccc3c2OCCN3)c2cccc(F)c2n1	1.0	0.4034633333333334
CCn1nnc([C@H]2O[C@@H](n3cnc4c(NCc5ccco5)ncnc43)[C@H](O)[C@@H]2O)n1	1.0	0.6901666666666666
Clc1ccc(Nc2nc3c(N4CCOCC4)ncnc3s2)cc1	0.0	0.15710000000000002
Nn1nc(-c2nccs2)c2sccc2c1=O	0.0	0.16309999999999997
N#Cc1cc(S(=O)(=O)Nc2ncns2)ccc1Oc1ccc(-c2cccc(C(F)(F)F)c2)cc1-c1ccnc(CNCCC2CCNCC2)c1	0.0	0.3148
CCn1nc(-c2nccs2)c2sccc2c1=O	1.0	0.18733333333333332
O=C(NCCCCCCNc1ncnc2c1ncn2[C@@H]1O[C@H](CO)[C@@H](O)[C@H]1O)c1ccc(-c2scc(C(=O)c3ccccc3)c2-c2cccc(C(F)(F)F)c2)cc1	1.0	0.5411633333333333
Nc1nc(C(=O)NCc2cccc3cccnc23)c2cccc(OC(F)(F)F)c2n1	1.0	0.37142857142857144
COc1ccc(Nc2nc3c(Cl)ncnc3s2)cc1	0.0	0.17345000000000002
CC(C)COc1ccc(-c2c(C#N)c(N)nc(SCC(N)=O)c2C#N)cc1	0.0	0.8792
CCn1nc(-c2cccc(-c3cccc(C(=O)NCCN4CCNCC4)c3)c2)cc(NC(=O)Nc2c(Cl)cncc2Cl)c1=O	1.0	0.31139
CCn1nc(-c2cccc(-c3cccc(CC(=O)O)c3)c2)cc(NC(=O)Nc2c(Cl)cncc2Cl)c1=O	1.0	0.2897633333333333
CCNC(=O)[C@H]1O[C@@H](n2cnc3c(N4[C@H]5CCC[C@@H]4C[C@@H](N(C)C)C5)ncnc32)[C@H](O)[C@@H]1O	0.0	0.49165000000000003
CCCn1c(=O)c2[nH]c(-c3cnn(CC4CC(=O)N(c5ccc(C(F)(F)F)cc5)C4)c3)nc2n(CCC)c1=O	1.0	0.29975
CC(=O)NCCNC(=O)[C@@]12C[C@@H]1[C@@H](n1cnc3c(NC(C4CC4)C4CC4)nc(Cl)nc31)[C@H](O)[C@@H]2O	0.0	0.5177238095238096
CCOC(=O)c1cnc(OCC)n2nc(-c3ccco3)nc12	0.0	0.236
O[C@@H]1[C@@H](CSc2ccccc2F)O[C@@H](n2cnc3c(N[C@@H]4CCC[C@H]4OCc4ccccc4)ncnc32)[C@@H]1O	0.0	0.6336366666666666
CCCn1c(Oc2cccnc2Cl)nc2nc(C3CCCC3)[nH]c2c1=O	1.0	0.41451666666666664
N#Cc1c(N)nc(SCc2cccnc2)c(C#N)c1-c1ccc(OCC2CC2)cc1	1.0	0.9019999999999999
Nc1nc(-c2ccccc2)cn2cc(-c3ccco3)nc12	1.0	0.5492
Nc1nc(NCCc2cccs2)nc2sc(-c3ccco3)nc12	1.0	0.39314
CC(C)Nc1nc(NC2CCCCC2)n2nc(-c3ccco3)nc2n1	0.0	0.4674088888888889
CCCn1c(Oc2cccc3cc[nH]c23)nc2nc(C3CCCC3)[nH]c2c1=O	1.0	0.4315333333333333
Nc1nc(-c2ccc(O)cc2)cn2c(=O)n(-c3ccccc3)nc12	1.0	0.4706
CNc1ncc(C(=O)NCCc2ccc(OC)c(OC)c2)c2nc(-c3ccco3)nn12	1.0	0.16920000000000002
CCCn1c(=O)[nH]c2nc(-c3ccc(OCC(=O)NCCCCCCCCCCC4=C5C(C)=CC(C)=[N+]5[B-](F)(F)n5c(C)cc(C)c54)cc3)[nH]c2c1=O	0.0	0.35805000000000003
Nc1nc(-c2ccc(OCC3CCC3)cc2)cn2c(=O)n(-c3ccccc3)nc12	0.0	0.42144000000000004
Nc1nc(C(=O)NCc2ccccc2)c2cccc(F)c2n1	1.0	0.3334533333333334
CCn1nc(-c2cccc(-c3cc(C(=O)NCCCN(C)C)cc(C(=O)OC)c3)c2)cc(NC(=O)Nc2c(Cl)cncc2Cl)c1=O	1.0	0.33714999999999995
CCn1nc(-c2cccc(-c3cccc(C(=O)NCCN(C)C)c3)c2)cc(NC(=O)Nc2c(Cl)cncc2Cl)c1=O	1.0	0.34365
COc1ccc(-n2c(C(=O)c3sc(Nc4ccccc4)nc3C)cnc2N)cc1	0.0	0.21340000000000003
CN1CCN(c2ncnc3sc(Nc4ccccc4)nc23)CC1	0.0	0.13913999999999999
CNC(=O)[C@H]1[Se][C@@H](n2cnc3c(NCc4ccc5ccccc5c4)ncnc32)[C@H](O)[C@@H]1O	0.0	0.28769999999999996
CC(=O)Nc1sc(-c2ccc(C(=O)NCCCCCCNc3ncnc4c3ncn4[C@@H]3O[C@H](CO)[C@@H](O)[C@H]3O)cc2)c(-c2cccc(C(F)(F)F)c2)c1C(=O)c1ccccc1	0.0	0.5247466666666667
Nc1nc(NCCc2ccco2)nc2sc(-c3ccco3)nc12	1.0	0.42253999999999997
Nc1nc(NCc2ccccn2)nc2sc(-c3ccco3)nc12	1.0	0.37468999999999997
CNc1ncc(C(=O)OCc2ccc(OC)cc2)c2nc(-c3ccco3)nn12	1.0	0.1948
COc1ccc(-c2cnc(N)nc2-c2ccccc2)cc1Cl	1.0	0.5328000000000002
Cc1ccc(Nc2nc3c(N4CCC[C@H]4CO)ncnc3s2)cc1	0.0	0.3023766666666666
CC(C)Nc1nc(NC(=O)Cc2ccccc2)n2nc(-c3ccco3)nc2n1	0.0	0.2810833333333333
CCn1nc(-c2cccc(-c3cc(C(=O)NCCO)cc(C(=O)NCCN4CCCCC4)c3)c2)cc(NC(=O)Nc2c(Cl)cncc2Cl)c1=O	0.0	0.28543999999999997
CNc1ncc(C(=O)NCCOc2ccccc2)c2nc(-c3ccco3)nn12	1.0	0.2838
COc1ccc(-c2c(C)nn3c(C(F)(F)F)cc(C)nc23)c(F)c1F	0.0	0.2444311904761905
Cn1c(-c2ccc(Cl)cc2)nc2c(NC3CCCC3)ncnc21	1.0	0.3204166666666667
COc1ccc(-c2cn3c(=O)n(-c4ccccc4)nc3c(N)n2)cc1	0.0	0.43100000000000005
CCN(CC)CC.CCN(CC)CC.N=c1ccc2c(-c3ccc(C(=O)NCCCCNC(=O)COc4ccc(CCCn5ncc6c5nc(N)n5nc(-c7ccco7)nc65)cc4)cc3C(=O)O)c3ccc(N)c(S(=O)(=O)O)c3oc-2c1S(=O)(=O)O	1.0	0.38683333333333336
CCn1nc(-c2cccc(-c3cccc(C(=O)O)c3)c2)cc(NC(=O)Nc2c(Cl)cncc2Cl)c1=O	1.0	0.29181
CNc1ncc(C(=O)NCCc2ccccc2)c2nc(-c3ccco3)nn12	1.0	0.31220000000000003
CCCC(=O)Nc1ncc(-c2cccc(Cl)c2)c(-c2ccccc2)n1	1.0	0.5789666666666667
CCOc1ccc(-c2c(C#N)c(N)nc(SCC(=O)NC)c2C#N)cc1	1.0	0.8724000000000001
Cc1ccc(-c2nc3c(N)nc(NCc4cccs4)nc3s2)o1	1.0	0.35599238095238095
Nc1sc(-c2cccc(C(=O)NCCCCCCNc3ncnc4c3ncn4[C@@H]3O[C@H](CO)[C@@H](O)[C@H]3O)c2)c(-c2cccc(C(F)(F)F)c2)c1C(=O)c1ccccc1	1.0	0.52995
Nc1sc(-c2ccc(C(=O)NCCCCCCNc3nc(Cl)nc4c3ncn4[C@@H]3O[C@H](CO)[C@@H](O)[C@H]3O)cc2)c(-c2cccc(C(F)(F)F)c2)c1C(=O)c1ccccc1	1.0	0.39491333333333334
CCN(CC)C1CCC(C)(C(=O)Nc2nc3c(OC)ccc(N4CCOCC4)c3s2)CC1	0.0	0.31232333333333334
CCn1nnc([C@H]2O[C@@H](n3cnc4c(NCc5cccc(F)c5)ncnc43)[C@H](O)[C@@H]2O)n1	1.0	0.6672666666666667
CNc1nc(NC2CCCCC2)n2nc(-c3ccco3)nc2n1	0.0	0.4413671428571428
COc1ccccc1CNc1nc(N)c2nc(-c3cnccn3)sc2n1	1.0	0.3181733333333333
Nc1nc(CCCc2ccccc2)nc2cn(-c3ccccc3O)nc12	1.0	0.7038666666666666
OC[C@@H]1CCCN1c1ncnc2sc(Nc3c(F)cccc3F)nc12	0.0	0.3089138095238095
Nc1cc(-c2ccco2)c2oc(-c3ccco3)nc2c1	1.0	0.4061066666666667
O[C@@H]1[C@@H](CCl)O[C@@H](n2cnc3c(Nc4ccc(Cl)cc4F)nc(Cl)nc32)[C@@H]1O	1.0	0.5895166666666667
CN1[C@H]2CCC[C@@H]1C[C@H](Nc1ncnc3c1ncn3[C@@H]1O[C@H](CO)[C@@H](O)[C@H]1O)C2	0.0	0.8591799999999999
Cc1cn2c(=O)n(-c3ccc(O)cc3)nc2c(N)n1	0.0	0.2808
CNc1ncc(C(=O)OC(C)c2ccccc2)c2nc(-c3ccco3)nn12	1.0	0.27975
CCn1c(-c2ccccc2)nc2c(N)ncnc21	1.0	0.31920000000000004
CCn1nnc([C@H]2O[C@@H](n3cnc4c(NCc5cccs5)nc(Cl)nc43)[C@H](O)[C@@H]2O)n1	1.0	0.7089333333333333
c1ccc(Nc2nc3c(N4CCC(N5CCCCC5)CC4)ncnc3s2)cc1	0.0	0.202
CC(=O)Oc1cccc2cc(-c3cc(Br)cs3)c(=O)oc12	0.0	0.1618
Nc1cc(-c2cccc(C(F)(F)F)c2)c(-c2ccc(C(=O)NCCCCCCNc3ncnc4c3ncn4[C@@H]3O[C@H](CO)[C@@H](O)[C@H]3O)cc2)s1	1.0	0.6084799999999999
Nc1nc(-c2ccccc2)nc2cn(Cc3ccccc3)nc12	1.0	0.5648666666666667
CNc1ncc(C(=O)OCc2cccc(C)c2)c2nc(-c3ccco3)nn12	1.0	0.25120000000000003
Nc1sc(-c2ccc(C(=O)NCCCCCNc3ncnc4c3ncn4[C@@H]3O[C@H](CO)[C@@H](O)[C@H]3O)cc2)c(-c2cccc(C(F)(F)F)c2)c1C(=O)c1ccccc1	1.0	0.5141633333333333
CCCn1c(-c2ccccc2)nc2c(NC3CCCC3)ncnc21	1.0	0.38826666666666665
Nc1nc(C(=O)NCc2cncc3ccccc23)c2cccc(F)c2n1	1.0	0.3798033333333333
OC[C@@]12C[C@@H]1[C@@H](n1cnc3c(N[C@H](C4CCC4)C4CC4)nc(Cl)nc31)[C@H](O)[C@@H]2O	1.0	0.7663433333333334
Nc1nc(C(=O)NCc2cccc3cccnc23)c2cc(Cl)cc(Cl)c2n1	1.0	0.3588138095238095
CCn1c(-c2ccccc2)nc2c(NC3CCOC3)ncnc21	1.0	0.35634
CCCn1c(Nc2cccc(F)c2)nc2nc(C3CCCC3)[nH]c2c1=O	0.0	0.44844333333333336
CC(=O)Oc1cccc2cc(-c3ccsc3)c(=O)oc12	0.0	0.1446
CN(CCCc1ccccn1)C(=O)c1cnc2c(CNC(=O)c3nc(N)nc4c(F)cccc34)cccc2c1	1.0	0.30705
CCCn1c(-c2ccccc2)nc2c(NC3CCC3)ncnc21	1.0	0.374
Cn1c(-c2cccnc2)nc2c(NC3CCCC3)ncnc21	1.0	0.33483
CCn1nc(-c2cccc(-c3ccc(CC(=O)NCCN4CCCCC4)cc3)c2)cc(NC(=O)Nc2c(Cl)cncc2Cl)c1=O	1.0	0.29043761904761906
O[C@@H]1[C@@H](CCl)O[C@@H](n2cnc3c(N[C@@H]4CCOC4)ncnc32)[C@@H]1O	1.0	0.9625999999999999
c1ccc(Oc2nc(NC3CCCCC3)n3nc(-c4ccco4)nc3n2)cc1	0.0	0.3887466666666667
Nc1nc(C(=O)NCc2cccc3cccnc23)c2cccc(Cl)c2n1	1.0	0.3543266666666667
Clc1cccc(-c2cnc(NC3CCCC3)nc2-c2ccccc2)c1	1.0	0.4447
CN(C)c1nc(NC(=O)c2ccccc2)sc1C(=O)c1cnc(N)n1-c1ccc(C(F)(F)F)cc1	0.0	0.20470000000000002
CCN(CC)c1ncnc2sc(Nc3ccccc3)nc12	0.0	0.23203666666666667
Nc1nc(NCc2cccs2)nc2sc(-c3cnccn3)nc12	0.0	0.35567333333333334
COc1ccc(Nc2nc3ccccc3c3[nH]c(C4CCCC4)nc23)cc1	0.0	0.35892
Cc1ccc(-c2nc3c(NC4CCCC4)ncnc3n2C)cc1	1.0	0.33871666666666667
O=C(NCCCCCCNc1ncnc2c1ncn2[C@@H]1O[C@H](CO)[C@@H](O)[C@H]1O)c1ccc(-c2sccc2-c2cccc(C(F)(F)F)c2)cc1	1.0	0.6279966666666666
CCCn1c(=O)c2[nH]c(-c3cnn(CC4CC(=O)N(c5ccc(OC)cc5)C4)c3)nc2n(CC)c1=O	0.0	0.28104999999999997
O=C(NCCCCCCNc1ncnc2c1ncn2[C@@H]1O[C@H](CO)[C@@H](O)[C@H]1O)c1cccc(-c2cc(C(=O)c3ccccc3)cs2)c1	1.0	0.6336333333333334
CCn1nc(-c2cccc(-c3cncc(O)c3)c2)cc(NC(=O)Nc2c(Cl)cncc2Cl)c1=O	1.0	0.31211
O=c1[nH]c(-c2ccccc2)cn2c(=O)n(-c3ccccc3)nc12	0.0	0.3519
Brc1cccc(Nc2nc3c(N4CCCC4)ncnc3s2)c1	0.0	0.2014733333333333
Nc1ncc(C(=O)c2ccncc2)n1-c1ccc(C(F)(F)F)cc1	0.0	0.2003
Cc1ccccc1-c1nc2c(NC3CCCC3)ncnc2n1C	1.0	0.28035
Cc1nc2c(N)nc(NCc3cccs3)nc2s1	0.0	0.28084
Nc1nc2cccc(Cl)c2c2nc(-c3ccco3)nn12	1.0	0.65968
CCCn1c(-c2cccc(OC)c2)nc2nc(C3CCCC3)[nH]c2c1=O	1.0	0.46840000000000004
O=C(Nc1nc(-c2cccs2)nc2cn(-c3ccccc3)nc12)c1cccs1	0.0	0.4231466666666666
CCCn1c(-c2cccc(C(=O)O)c2)nc2nc(C3CCCC3)[nH]c2c1=O	0.0	0.4559333333333333
CCNC(=O)[C@H]1O[C@@H](n2cnc3c(NC4CCCC4)nc(Cl)nc32)[C@H](O)[C@@H]1O	1.0	0.7087333333333333
O=c1oc2c(O)cccc2cc1-c1cc(Br)cs1	0.0	0.1349
CN(C)c1ncnc2sc(Nc3ccc(Cl)cc3)nc12	0.0	0.17298000000000002
CCCn1c(Oc2ccc(F)c(F)c2)nc2nc(C3CCCC3)[nH]c2c1=O	1.0	0.39361666666666667
CCNC(=O)[C@H]1O[C@@H](n2cnc3c(N[C@@H]4CCC[C@H]4O)ncnc32)[C@H](O)[C@@H]1O	1.0	0.688
Nc1nc(C(=O)NCc2cccc3c2OCCO3)c2cccc(F)c2n1	1.0	0.4002
CCCCn1c(=O)c2c(nc3n2CCCN3c2ccc(OCCN3CCCC3)cc2)n(CCCC)c1=O	0.0	0.18568
CCn1nc(-c2cccc(-c3cc(C(=O)NCCN4CCCCC4)cc(C(=O)NC4CC4)c3)c2)cc(NC(=O)Nc2c(Cl)cncc2Cl)c1=O	0.0	0.2926233333333333
Cc1cc(C)n(C[C@H]2O[C@@H](n3cnc4c(NC5CCCC5)nc(Cl)nc43)[C@H](O)[C@@H]2O)n1	1.0	0.8176833333333333
CC[C@@H](Nc1nc(Cl)nc2c1ncn2[C@H]1[C@H](O)[C@H](O)[C@]2(CO)C[C@H]12)C1CC1	1.0	0.7854466666666667
CNc1ncc(C(=O)NNc2ccccc2)c2nc(-c3ccco3)nn12	1.0	0.3218
Cc1ccccc1CNC(=O)c1nc(N)nc2c(F)cccc12	1.0	0.4003366666666667
Cc1cccc(-c2nc3c(NC4CCCC4)ncnc3n2C)c1	1.0	0.349592380952381
CCn1nnc([C@H]2O[C@@H](n3cnc4c(NCc5ccc(Cl)cc5F)nc(Cl)nc43)[C@H](O)[C@@H]2O)n1	1.0	0.6773333333333333
Cc1cn2c(=O)n(-c3ccc(O)cc3)nc2c(=O)[nH]1	0.0	0.24953333333333333
CC(C)Nc1nc(NC(=O)Nc2ccccc2)n2nc(-c3ccco3)nc2n1	0.0	0.2453
COc1cccc(CNc2nc(N)c3nc(-c4ccccc4)sc3n2)c1	1.0	0.3306
Nc1nc(NCc2cccc(F)c2)nc2sc(-c3ccco3)nc12	1.0	0.42369
Cc1cc(C)n(C[C@H]2O[C@@H](n3cnc4c(Nc5ccc(Cl)cc5F)nc(Cl)nc43)[C@H](O)[C@@H]2O)n1	0.0	0.5630666666666667
CCCn1c(=O)c2[nH]c(-c3cnn(CC(=O)N4CCN(c5cccc(C(F)(F)F)c5)CC4)c3)nc2n(CCC)c1=O	1.0	0.305
Cc1nc2c(N)nc(NCCc3ccccc3)nc2s1	1.0	0.20620000000000002
COc1ccc(CN2CCCN(Cc3ccccc3)[C@@H](C)C2)cc1	0.0	0.05081666666666666
Fc1ccc(CNc2nc(Oc3ccccc3)nc3nc(-c4ccco4)nn23)cc1	0.0	0.22560000000000002
CCCn1c(-c2cccc(O)c2)nc2nc(C3CCCC3)[nH]c2c1=O	1.0	0.4854200000000001
CNc1ncc(C(=O)OCc2cccc(F)c2)c2nc(-c3ccco3)nn12	1.0	0.24640000000000004
CCn1c(=O)c2c(nc3n2CCCN3CCc2ccc(O)cc2)n(CC)c1=O	0.0	0.07944999999999999
c1ccc(Nc2nc3c(N4CCCC4)ncnc3s2)cc1	0.0	0.13717666666666667
CCn1nc(-c2cccc(-c3cc(C(=O)NC4CC4)cc(C(=O)NC4CCN(Cc5ccccc5)CC4)c3)c2)cc(NC(=O)Nc2c(Cl)cncc2Cl)c1=O	0.0	0.28664999999999996
COc1cccc(-c2cnc(N)nc2-c2ccccc2)c1	1.0	0.5565499999999999
Cc1ccc(C(=O)c2cnc(N)n2-c2cccc(Cl)c2)cc1	0.0	0.194
CCN(CC)c1ncnc2sc(Nc3ccc(Cl)cc3)nc12	0.0	0.26470000000000005
CCNC(=O)c1cc(C(=O)NCCCN(C)C)cc(-c2cccc(-c3cc(NC(=O)Nc4c(Cl)cncc4Cl)c(=O)n(CC)n3)c2)c1	0.0	0.36371666666666663
CCCn1c(=O)c2[nH]c(-c3ccc(OCC4CC(=O)N(c5ccc(C(F)(F)F)cc5)C4)nc3)nc2n(CCC)c1=O	0.0	0.2745
COc1ccccc1Cn1cc2nc(-c3ccco3)nc(N)c2n1	1.0	0.5224
COc1ccc(CCNc2nc(N)c3nc(-c4ccco4)sc3n2)cc1	1.0	0.3748666666666666
OCCNc1ncc(-c2cccc(Cl)c2)c(-c2ccccc2)n1	1.0	0.5192333333333334
CNc1ncc(C(=O)NCc2ccc(OC)cc2)c2nc(-c3ccco3)nn12	1.0	0.264
OC[C@H]1O[C@@H](n2cnc3c(NC45CC6CC(CC(C6)C4)C5)ncnc32)[C@H](O)[C@@H]1O	0.0	0.8233
Nc1nc(Cc2ccccc2)nc2cn(-c3ccccc3O)nc12	1.0	0.6676
CC(=O)Oc1cccc2cc(-c3cccs3)c(=O)oc12	0.0	0.16393333333333332
Nc1nc(NCc2ccccc2)nc2nc(-c3ccco3)nn12	1.0	0.2556
CCCn1c(Nc2ccccc2)nc2nc(C3CCCC3)[nH]c2c1=O	0.0	0.39561999999999997
CCn1nc(-c2cccc(-c3cccc(CC(=O)NCCCCCCCN(C)CCO)c3)c2)cc(NC(=O)Nc2c(Cl)cncc2Cl)c1=O	1.0	0.3005
CN(C)c1nc(NC(=O)c2ccccc2)sc1C(=O)c1cnc(N)n1-c1ccc(Cl)cc1	0.0	0.2174333333333333
CNC(=O)[C@H]1[Se][C@@H](n2cnc3c(N[C@@H]4C[C@H]4c4ccccc4)ncnc32)[C@H](O)[C@@H]1O	0.0	0.3222333333333333
Nc1ncc(C(=O)c2ccncc2)n1-c1ccc(F)cc1	0.0	0.21839999999999998
Nc1sc(-c2ccc(C(=O)NCCCCCCNc3ncnc4c3ncn4[C@@H]3O[C@H](CO)[C@@H](O)[C@H]3O)cc2)c(-c2cccc(C(F)(F)F)c2)c1C(=O)c1ccccc1	1.0	0.5197633333333334
CC(C)Nc1nc(N)n2nc(-c3ccco3)nc2n1	0.0	0.28913
CCCOc1cc(NC(C)=O)nc(SC(C)c2ccccc2)n1	0.0	0.1259033333333333
CCCn1c(=O)c2[nH]c(-c3cnn(CC4CCN(c5ccc(OC(F)(F)F)cc5)C4=O)c3)nc2n(CCC)c1=O	0.0	0.3110666666666667
CNC(=O)[C@H]1[Se][C@@H](n2cnc3c(NCc4cccc(I)c4)ncnc32)[C@H](O)[C@@H]1O	0.0	0.2672
Cc1cccc(-c2cc(N)nc3[nH]cc(C#N)c23)c1	0.0	0.39851333333333333
CNc1ncc(C(=O)NC(c2ccccc2)c2ccccc2)c2nc(-c3ccco3)nn12	1.0	0.24969999999999998
Cn1c(=O)n(CCN2CCN(c3ccc(C#N)cc3)CC2)c2nc(N)n3nc(-c4ccco4)nc3c21	0.0	0.25461999999999996
Cc1cc(C)cc(-c2nc(NC3CCCC3)c3ncn([C@@H]4O[C@H](Cn5nc(C)cc5C)[C@@H](O)[C@H]4O)c3n2)c1	1.0	0.60766
CCCn1c(NCc2ccc(C(F)(F)F)cc2)nc2nc(C3CCCC3)[nH]c2c1=O	1.0	0.39452714285714285
O=C(c1ccco1)N(C(=O)c1ccco1)c1nc(-c2cccs2)nc2cn(-c3ccccc3)nc12	0.0	0.32416
Nc1nc(NCc2cccnc2)nc2sc(-c3ccco3)nc12	1.0	0.38149
c1ccc(Nc2nc3c(N4CCCCC4)ncnc3s2)cc1	0.0	0.13925666666666667
CCn1c(-c2ccccc2)nc2c(NC3CCCC3)ncnc21	1.0	0.37392
O[C@@H]1[C@@H](CCl)O[C@@H](n2cnc3c(Nc4ccc(Cl)cc4F)ncnc32)[C@@H]1O	1.0	0.7429461904761905
Cc1nc(N)c2nn(-c3ccccc3)nc2n1	1.0	0.29624666666666666
CNC(=O)[C@H]1[Se][C@@H](n2cnc3c(NC)ncnc32)[C@H](O)[C@@H]1O	0.0	0.4142
C=CCOc1ccc(-c2c(C#N)c(N)nc(SCC(N)=O)c2C#N)cc1	0.0	0.8873999999999999
CNC(=O)[C@H]1[Se][C@@H](n2cnc3c(NC4CC4)nc(Cl)nc32)[C@H](O)[C@@H]1O	1.0	0.63805
Nc1nc(NCc2ccccc2)nc2sc(-c3ccccc3)nc12	1.0	0.33088
O=C(Nc1nc2c(Cl)ncnc2s1)c1ccccc1	0.0	0.23032
Cc1cc(C)n(C[C@H]2O[C@@H](n3cnc4c(N[C@@H]5CCOC5)nc(Cl)nc43)[C@H](O)[C@@H]2O)n1	0.0	0.8116
COc1ccc(-c2nc3c(NC4CCCC4)ncnc3n2C)cc1	1.0	0.3233
COCCOc1ccc(N2CCN(CCn3c(=O)n(C)c4c3nc(N)n3nc(-c5ccco5)nc43)CC2)cc1	0.0	0.18252000000000002
Nc1nc(NCCc2cccnc2)nc2sc(-c3ccco3)nc12	1.0	0.37029
CNC(=O)[C@H]1[Se][C@@H](n2cnc3c(NCc4cccc(I)c4)nc(Cl)nc32)[C@H](O)[C@@H]1O	1.0	0.47119999999999995
CCOC(=O)c1cnc(NNC(=O)OC(C)(C)C)n2nc(-c3ccco3)nc12	0.0	0.16164
c1coc(-c2nc3nc(NC4CCCCC4)nc(NC4CCCCC4)n3n2)c1	1.0	0.35916380952380944
CCNC(=O)[C@H]1O[C@@H](n2cnc3c(NC45CC6CC(CC(O)(C6)C4)C5)ncnc32)[C@H](O)[C@@H]1O	0.0	0.575
CNc1ncc(C(=O)OCc2ccccc2)c2nc(-c3ccco3)nn12	1.0	0.2312
Nc1nc(-c2ccc(OCC3CC3)cc2)cn2c(=O)n(-c3ccccc3)nc12	0.0	0.4210900000000001
CCn1nc(-c2cccc(-c3cccc(O)c3)c2)cc(NC(=O)Nc2c(Cl)cncc2Cl)c1=O	1.0	0.30725
CCn1nnc([C@H]2O[C@@H](n3cnc4c(NCc5cccc(I)c5)ncnc43)[C@H](O)[C@@H]2O)n1	1.0	0.6325000000000001
Nc1ccc(-n2nc3c(=O)[nH]c(-c4ccccc4)cn3c2=O)cc1	1.0	0.3702
CCn1nc(-c2cccc(-c3cc(OCC4CC4)cc(C(=O)NCCN4CCCCC4)c3)c2)cc(NC(=O)Nc2c(Cl)cncc2Cl)c1=O	1.0	0.3119733333333333
Cc1ccc(-c2cn3c(=O)n(-c4ccccc4)nc3c(N)n2)cc1	0.0	0.46740000000000004
CNC(=O)[C@H]1[Se][C@@H](n2cnc3c(NCc4ccccc4OC)ncnc32)[C@H](O)[C@@H]1O	0.0	0.2861
Cn1c(-c2ccc(C(=O)O)cc2)nc2c(NC3CCCC3)ncnc21	0.0	0.3578466666666667
Nc1ccc(-c2cccc(C(=O)NCCCCCCNc3ncnc4c3ncn4[C@@H]3O[C@H](CO)[C@@H](O)[C@H]3O)c2)s1	1.0	0.6615833333333334
Clc1ccc(Nc2nc3c(N4CCCC4)ncnc3s2)cc1	0.0	0.1705
CCCn1c(OC2CCCC2)nc2nc(C3CCCC3)[nH]c2c1=O	1.0	0.46933333333333327
O=C(Nc1nc(-c2cccs2)nc2cn(-c3ccccc3)nc12)c1ccco1	0.0	0.41459999999999997
CN1CCN(c2ncnc3sc(Nc4ccc(Cl)cc4)nc23)CC1	0.0	0.1693
COc1ccc(-n2nc3c(=O)[nH]c(-c4ccccc4)cn3c2=O)cc1	0.0	0.3047
OC[C@@H]1CCCN1c1ncnc2sc(Nc3ccccc3)nc12	0.0	0.28592
CCOc1ccc(-c2cn3c(=O)n(-c4ccccc4)nc3c(N)n2)cc1	0.0	0.4308733333333333
Nc1nc(-c2ccco2)cn2cc(-c3ccco3)nc12	0.0	0.4928
Nc1nc(NCc2cccs2)nc2sc(-c3ccco3)nc12	1.0	0.43278999999999995
CCCn1c(=O)c2c(nc3n2CCCN3c2ccc(OCCN3CCCC3)cc2)n(CCC)c1=O	0.0	0.21968000000000001
Nc1nc(Nc2ccccc2)nc2sc(-c3ccccc3)nc12	0.0	0.41557999999999995
CNC(=O)[C@@]12C[C@@H]1[C@@H](n1cnc3c(C)nc(C#Cc4ccc(F)c(F)c4)nc31)[C@H](O)[C@@H]2O	0.0	0.24384999999999998
Nn1nc(-c2ccccn2)c2sccc2c1=O	0.0	0.11910000000000001
COc1ccc(-n2c(C(=O)c3sc(Nc4ccccc4)nc3-c3ccccc3)cnc2N)cc1	0.0	0.2595
CCCn1c(-c2ccccc2)nc2c(NC3CCOC3)ncnc21	1.0	0.3693733333333334
CCn1nnc([C@H]2O[C@@H](n3cnc4c(NCC5CC5)ncnc43)[C@H](O)[C@@H]2O)n1	1.0	0.8112666666666666
Cc1cc(C)n(C[C@H]2O[C@@H](n3cnc4c(Nc5ccc(Cl)cc5F)ncnc43)[C@H](O)[C@@H]2O)n1	1.0	0.70827
CCn1nnc([C@H]2O[C@@H](n3cnc4c(NCc5cccc(Br)c5)ncnc43)[C@H](O)[C@@H]2O)n1	1.0	0.6515666666666666
Cc1cccc(CNC(=O)c2nc(N)nc3c(F)cccc23)c1	1.0	0.4029366666666666
Nc1nc(NCCCCCCNC(=O)c2ccc(-c3sc(N)c(C(=O)c4ccccc4)c3-c3cccc(C(F)(F)F)c3)cc2)c2ncn([C@@H]3O[C@H](CO)[C@@H](O)[C@H]3O)c2n1	0.0	0.38893
O=c1oc2c(O)c(O)ccc2cc1-c1cccs1	0.0	0.1578
CCN1CCN(c2ncnc3sc(Nc4ccccc4)nc23)CC1	0.0	0.15483857142857144
CNc1ncc(C(=O)OCc2cccc(Cl)c2)c2nc(-c3ccco3)nn12	1.0	0.25599999999999995
CCn1c(-c2ccccc2)nc2c(NC3CCCCC3)ncnc21	1.0	0.3675866666666667
COCCOc1ccc(N2CCN(CCn3c(=O)n(C)c4c3nc(N)n3nc(-c5nccs5)nc43)CC2)cc1F	0.0	0.22202666666666668
Nc1nc(NCCc2ccc(O)cc2)nc2sc(-c3ccccc3)nc12	1.0	0.31134666666666666
Nc1ncc(-c2cccc(C(F)(F)F)c2)c(-c2ccccc2)n1	1.0	0.49915000000000004
CS(=O)(=O)c1ccc(C(=O)c2cnc(N)n2-c2ccccc2)cc1	0.0	0.1715
Nc1nc(C(=O)NCc2cccc3cc(C(=O)NCCCCCc4ccccc4)cnc23)c2cccc(F)c2n1	1.0	0.3540833333333333
OC[C@@H]1CCCN1c1ncnc2sc(Nc3ccc(Cl)cc3)nc12	0.0	0.31105
Clc1ncnc2sc(Nc3cccc(Br)c3)nc12	0.0	0.1977733333333333
O=C(Nc1nc2cccc(Cl)c2[nH]1)c1ccccc1	0.0	0.13995
S=C(NCc1ccccc1)N(Cc1ccccc1)c1nc2c(Cl)ncnc2s1	0.0	0.24731666666666668
COc1ccc(CCNc2nc(N)c3nc(-c4ccccc4)sc3n2)cc1	0.0	0.29240000000000005
c1ccc(Nc2nc3c(N4CCOCC4)ncnc3s2)cc1	0.0	0.12957000000000002
CNC(=O)[C@@]12C[C@@H]1[C@@H](n1cnc3cnc(C#Cc4ccc(Cl)s4)nc31)[C@H](O)[C@@H]2O	0.0	0.26403333333333334
O=c1[nH]c(-c2ccccc2)cn2c(=O)n(-c3ccccc3O)nc12	0.0	0.3285
CCCCNc1nc(N)c2nc(-c3ccco3)sc2n1	1.0	0.36344
N#Cc1c(N)nc(SCc2ccn[nH]2)c(C#N)c1-c1ccc(OCC2CC2)cc1	0.0	0.9278000000000001
CCCn1c(Oc2cccc(CC(=O)O)c2)nc2nc(C3CCCC3)[nH]c2c1=O	0.0	0.3843333333333333
CCCn1c(-c2ccccc2)nc2c(NC3CCCCC3)ncnc21	1.0	0.37196666666666667
CCOc1ccc(-c2c(C#N)c(N)nc(SCc3ccn[nH]3)c2C#N)cc1	1.0	0.9410000000000001
O[C@H]1CC[C@H](Nc2ncc(-c3ccnc(C4CC4)c3)c(-c3ccccc3)n2)CC1	1.0	0.49240000000000006
CNc1nc(NCc2ccc(F)cc2)n2nc(-c3ccco3)nc2n1	0.0	0.2156
C[C@@H](NC(=O)c1nc(N)nc2c(F)cccc12)c1cccc2cccnc12	1.0	0.376675
CCOC(=O)c1cnc(NCCN)n2nc(-c3ccco3)nc12	0.0	0.3049
Nc1nc(NCc2cnccn2)nc2sc(-c3ccco3)nc12	1.0	0.3724566666666667
O[C@H]1CC[C@H](Nc2ncc(-c3cccc(Cl)c3)c(-c3ccccc3)n2)CC1	1.0	0.4934
COC(=O)c1cccc(CSc2nc(N)c(C#N)c(-c3ccc(OCC4CC4)cc3)c2C#N)c1	1.0	0.9520666666666665
Cn1c(-c2ccccc2)nc2c(NC3CCCCC3)ncnc21	1.0	0.36445333333333335
Nc1cc(C(=O)NCc2cccc3cccnc23)c2ccccc2n1	0.0	0.27968999999999994
Nc1nc(C(=O)NCc2cccc3cccnc23)c2cccc(F)c2n1	1.0	0.3921266666666667
CCCC1CCC(CCC)(n2c(=O)[nH]c3nc[nH]c3c2=O)C1	1.0	0.31070000000000003
CC(C)[C@@H](Nc1nc(Cl)nc2c1ncn2[C@H]1[C@H](O)[C@H](O)[C@]2(CO)C[C@H]12)C1CC1	1.0	0.7484333333333334
Nc1sc(-c2ccccc2C(=O)NCCCCCCNc2ncnc3c2ncn3[C@@H]2O[C@H](CO)[C@@H](O)[C@H]2O)c(-c2cccc(C(F)(F)F)c2)c1C(=O)c1ccccc1	0.0	0.4871833333333333
CNc1ncc(C(=O)OCc2ccc(Cl)cc2)c2nc(-c3ccco3)nn12	1.0	0.21760000000000002
Oc1ccc(-c2cnc(N[C@H]3CC[C@H](O)CC3)nc2-c2ccccc2)cc1Cl	1.0	0.4816
CNc1ncc(C(=O)NCc2ccccc2)c2nc(-c3ccco3)nn12	1.0	0.32348
Nc1nc(-c2ccco2)nc2cn(-c3ccccc3)nc12	1.0	0.65905
N#Cc1c(N)nc(SCc2csc(N)n2)c(C#N)c1-c1ccc(OCC2CC2)cc1	1.0	0.9558
CCn1nc(-c2ccccc2)c2sccc2c1=O	0.0	0.26660000000000006
CCCn1c(OC2CCOC2)nc2nc(C3CCCC3)[nH]c2c1=O	1.0	0.42000000000000004
CCCOc1ccc(-c2cn3c(=O)n(-c4ccccc4)nc3c(N)n2)cc1	0.0	0.4564733333333333
Fc1ccc(CNc2nc(NCc3ccc(F)cc3)n3nc(-c4ccco4)nc3n2)cc1	0.0	0.1896
N#Cc1cccc2c(C(=O)NCc3cccc4cccnc34)nc(N)nc12	0.0	0.34213666666666664
OC[C@H]1O[C@@H](n2cnc3c(N[C@@H]4CCC[C@H]4O)ncnc32)[C@H](O)[C@@H]1O	1.0	0.9593
COc1ncc(C)cc1CC[C@@](O)(CC(=O)O)C(=O)O	0.0	0.0674
COc1cccc(CNc2nc(N)c3nc(-c4cnccn4)sc3n2)c1	1.0	0.3205
CS(=O)(=O)c1cccc2c(C(=O)NCc3cccc4cccnc34)nc(N)nc12	0.0	0.30779999999999996
COc1ccccc1-n1nc2c(N)nc(-c3ccccc3)cn2c1=O	1.0	0.41739999999999994
CCCn1c(OC2CCOCC2)nc2nc(C3CCCC3)[nH]c2c1=O	1.0	0.4153833333333333
Nc1nc(C(=O)NCc2cccc3cccnc23)c2cccc(-c3cncnc3)c2n1	0.0	0.36138
CCCSc1nc(NC(C)=O)cc(OC(C)c2ccccc2)n1	0.0	0.09550333333333333
COc1ccccc1CNc1nc(N)c2nc(-c3ccc(C)o3)sc2n1	1.0	0.3511257142857143
NCCCCNC(=O)COc1ccc(CCCn2ncc3c2nc(N)n2nc(-c4ccco4)nc32)cc1	0.0	0.08653333333333334
CCNC[C@H]1O[C@@H](n2cnc3c(N)ncnc32)[C@H](O)[C@@H]1O	1.0	0.58426
CNC(=O)[C@H]1[Se][C@@H](n2cnc3c(NC4CCC4)nc(Cl)nc32)[C@H](O)[C@@H]1O	1.0	0.6308
COc1ccc(-n2nc3c(N)nc(C)cn3c2=O)cc1	0.0	0.30219999999999997
Nc1nc(C(=O)NCc2cccc3cccnc23)c2ccccc2n1	1.0	0.34497
CC(C)(C)NS(=O)(=O)c1ccc(-c2sc(C(=O)N[C@H]3C[C@H](C(=O)O)C3)nc2CC2CCCCC2)c2ccccc12	1.0	0.2729171428571428
CCCn1c(-c2cccc(C(F)(F)F)c2)nc2nc(C3CCCC3)[nH]c2c1=O	1.0	0.43658714285714284
CCn1nnc([C@H]2O[C@@H](n3cnc4c(NCc5cccc(Cl)c5)nc(Cl)nc43)[C@H](O)[C@@H]2O)n1	1.0	0.6130533333333335
Nc1nc(Cc2cccs2)nc2cn(-c3ccccc3)nc12	0.0	0.8451633333333334
Nc1nc(-c2ccco2)nc2cn(Cc3ccccc3O)nc12	1.0	0.55172
CCn1nnc([C@H]2O[C@@H](n3cnc4c(NCc5cccc(Cl)c5)ncnc43)[C@H](O)[C@@H]2O)n1	1.0	0.664
OC[C@@]12C[C@@H]1[C@@H](n1cnc3c(N[C@@H](C4CCC4)C4CC4)nc(Cl)nc31)[C@H](O)[C@@H]2O	1.0	0.7663433333333334
COc1ccccc1CNc1nc(N)c2nc(-c3cccs3)sc2n1	1.0	0.3652066666666667
CNC(=O)[C@H]1[Se][C@@H](n2cnc3c(NC4CCCC4)ncnc32)[C@H](O)[C@@H]1O	1.0	0.6044333333333333
Nc1ncc(-c2ccc3ccccc3c2)c(-c2ccccc2)n1	1.0	0.5428499999999999
CCCn1c(Oc2cccnc2C)nc2nc(C3CCCC3)[nH]c2c1=O	1.0	0.3912333333333334
Fc1cccc(F)c1Nc1nc2c(Cl)ncnc2s1	0.0	0.15686666666666665
Nc1nc(-c2ccccc2)cn2c(=O)n(-c3ccccc3O)nc12	1.0	0.4737
Nc1sc(-c2ccc(C(=O)NCCCCCCCNc3ncnc4c3ncn4[C@@H]3O[C@H](CO)[C@@H](O)[C@H]3O)cc2)c(-c2cccc(C(F)(F)F)c2)c1C(=O)c1ccccc1	1.0	0.5143633333333334
Nc1ncc(-c2ccnc(C3CC3)c2)c(-c2ccccc2)n1	1.0	0.581925
CC(=O)Oc1ccc2cc(-c3cc(Br)cs3)c(=O)oc2c1OC(C)=O	0.0	0.14550000000000002
Nc1nc(-c2ccccc2)cn2c(=O)n(-c3ccc(O)cc3)nc12	1.0	0.505
CCOc1ccc(-c2c(C#N)c(N)nc(SCC(N)=O)c2C#N)cc1	0.0	0.8795999999999999
Cc1cc(C)n(C[C@H]2O[C@@H](n3cnc4c(N[C@@H]5CCOC5)ncnc43)[C@H](O)[C@@H]2O)n1	0.0	0.8366
Cc1nc(Nc2ccc(Cl)cc2)sc1C(=O)c1cnc(N)n1-c1ccc(F)cc1	0.0	0.2395
CCC(C)Oc1cc(NC(C)=O)nc(SCc2ccccc2)n1	0.0	0.11039999999999998
CCn1nc(-c2cccc(-c3ccc(CC(=O)O)cc3)c2)cc(NC(=O)Nc2c(Cl)cncc2Cl)c1=O	1.0	0.28481
CC(C)(C)OC(=O)NCCNc1ncc(C(=O)O)c2nc(-c3ccco3)nn12	0.0	0.12260666666666667
Nc1nc(Nc2ccccc2)nc2sc(-c3ccco3)nc12	0.0	0.41722000000000004
Nc1ncc(-c2cccc(Cl)c2)c(-c2ccccc2)n1	1.0	0.54665
COc1cccc(CCNc2nc(N)c3nc(-c4ccco4)sc3n2)c1	1.0	0.4223166666666667
Cc1nc(N)c2nn(-c3ccccc3F)cc2n1	0.0	0.4467466666666667
CCc1ccc(COC(=O)c2cnc(NC)n3nc(-c4ccco4)nc23)cc1	1.0	0.19899999999999998
Nc1ncc(C(=O)c2sc(Nc3ccccc3)nc2-c2ccccc2)n1-c1ccc(F)cc1	0.0	0.3135
Cc1cn2c(=O)n(-c3ccccc3)nc2c(N)n1	1.0	0.2758
Clc1ccc(Nc2nc3ccccc3c3[nH]c(C4CCCC4)nc23)cc1	0.0	0.34801714285714286
CCCn1c(Nc2ccc(F)cc2)nc2nc(C3CCCC3)[nH]c2c1=O	0.0	0.41238333333333327
Nc1nc(C(=O)NCc2cccc3cc[nH]c23)c2cccc(F)c2n1	1.0	0.44138333333333335
Cc1ccc(Nc2nc(C)c(C(=O)c3cnc(N)n3-c3ccc(F)cc3)s2)cc1	0.0	0.2198
COc1ccc(-n2nc3c(=O)[nH]c(C)cn3c2=O)cc1	0.0	0.23312
Cc1ccc(-n2c(C(=O)c3sc(N4CCOCC4)nc3-c3ccccc3)cnc2N)cc1	0.0	0.29240999999999995
CC(=O)Oc1ccc2cc(-c3ccsc3)c(=O)oc2c1OC(C)=O	0.0	0.1467
Cc1cc(C)cc(-c2nc(NC3CC4CCC3C4)c3ncn([C@@H]4O[C@H](Cn5nc(C)cc5C)[C@@H](O)[C@H]4O)c3n2)c1	1.0	0.59396
Nc1nc(C(=O)NCCc2ccccc2)c2cccc(F)c2n1	0.0	0.3356133333333333
Nc1nc(C(=O)NCc2cccc3cc(C(=O)N4CCN(c5ccccn5)CC4)cnc23)c2cccc(F)c2n1	1.0	0.3088666666666667
COc1ccc(CCNc2nc(N)c3nc(-c4ccco4)sc3n2)cc1OC	1.0	0.3369666666666667
Nc1nc(C(=O)NCc2cccc3cccnc23)c2cccc(C(F)(F)F)c2n1	0.0	0.3585709523809523
O=c1[nH]nc(-c2nccs2)c2sccc12	0.0	0.1346
Cn1c(-c2cccc(Cl)c2)nc2c(NC3CCCC3)ncnc21	1.0	0.3443866666666666
CNC(=O)[C@@]12C[C@@H]1[C@@H](n1cnc3c(NC(C4CC4)C4CC4)nc(Cl)nc31)[C@H](O)[C@@H]2O	1.0	0.6407738095238096
OCCCCNc1ncc(-c2cccc(Cl)c2)c(-c2ccccc2)n1	1.0	0.4972
CC(C)n1nc(-c2ccccn2)c2sccc2c1=O	0.0	0.12739761904761904
CCOC(=O)c1cnc(N2CCN(C(=O)OC(C)(C)C)CC2)n2nc(-c3ccco3)nc12	0.0	0.12710000000000002
CCCn1c(Oc2ccc(C(N)=O)cc2)nc2nc(C3CCCC3)[nH]c2c1=O	0.0	0.38925
Nc1nc(-c2ccccc2)cn2c(=O)n(-c3ccc([N+](=O)[O-])cc3)nc12	1.0	0.40280000000000005
Nc1nc(C(=O)NCc2cccc3cccnc23)c2cc(F)c(F)cc2n1	1.0	0.34128000000000003
Cc1ccc(Nc2nc3c(N4CCCC4)ncnc3s2)cc1	0.0	0.15528666666666666
COc1ccc(-n2nc3c(N)nc(-c4ccccc4)cn3c2=O)cc1	1.0	0.45500000000000007
Nc1nc(NCc2ccncc2)nc2sc(-c3ccco3)nc12	1.0	0.36669
O=C(Cc1ccccc1)Nc1nc(NCc2ccccc2)nc2nc(-c3ccco3)nn12	0.0	0.2525666666666667
CCNC(=O)[C@H]1O[C@@H](n2cnc3c(NC45CC6CC(CC(C6)C4)C5)ncnc32)[C@H](O)[C@@H]1O	1.0	0.6082866666666668
Nc1nc(C(=O)NCc2cccc3c(C(=O)N4CCN(c5ccccc5)CC4)ccnc23)c2cccc(F)c2n1	0.0	0.3305666666666666
CCn1nnc([C@H]2O[C@@H](n3cnc4c(NCc5ccco5)nc(Cl)nc43)[C@H](O)[C@@H]2O)n1	1.0	0.6576333333333333
CNc1ncc(C(=O)NCc2ccc(C)cc2)c2nc(-c3ccco3)nn12	1.0	0.30868
CC(C)Oc1ccc(-c2cn3c(=O)n(-c4ccccc4)nc3c(N)n2)cc1	0.0	0.42874
CCCn1c(Oc2cccc(OC)c2)nc2nc(C3CCCC3)[nH]c2c1=O	1.0	0.37374
COc1ccc(CNc2nc(N)c3nc(-c4ccco4)sc3n2)cc1	1.0	0.36865000000000003
O[C@@H]1[C@@H](CSc2ccccc2F)O[C@@H](n2cnc3c(NC45CC6CC(CC(C6)C4)C5)ncnc32)[C@@H]1O	0.0	0.6953928571428573
Cc1cc(C)cc(-c2nc(Nc3ccc(Cl)cc3F)c3ncn([C@@H]4O[C@H](Cn5nc(C)cc5C)[C@@H](O)[C@H]4O)c3n2)c1	1.0	0.4876666666666667
COc1ccc(-c2cn3c(=O)n(-c4ccccc4)nc3c(=O)[nH]2)cc1	0.0	0.2920999999999999
COc1ccc(N2CCOCC2)c2sc(NC(=O)C3(C)CCC(C)(O)CC3)nc12	0.0	0.2284533333333333
C#CCOc1cccc(-c2cn3c(=O)n(-c4ccccc4)nc3c(N)n2)c1	1.0	0.4586733333333333
COc1cccc(-c2cc(NC(C)=O)nc(-c3cccc(OC)c3)c2)c1	1.0	0.5952533333333333
COc1ccccc1-n1cc2nc(Cc3ccccc3)nc(N)c2n1	1.0	0.55698
O=C(Cc1ccccc1)Nc1nc(NC2CCCCC2)nc2nc(-c3ccco3)nn12	0.0	0.26578
COCCOc1ccc(N2CCN(C(=O)c3cnc4c(CNC(=O)c5nc(N)nc6c(F)cccc56)cccc4c3)CC2)cc1	1.0	0.3113333333333333
Nc1nc(NCc2cccs2)nc2sc(-c3ccccc3)nc12	1.0	0.36908
CCOC(=O)c1cnc(N2CCNCC2)n2nc(-c3ccco3)nc12	0.0	0.12360666666666667
O=C(Nc1ccccc1)Nc1nc(NC2CCCCC2)nc2nc(-c3ccco3)nn12	0.0	0.24022380952380953
CCCn1c(Oc2ccc(C)nc2)nc2nc(C3CCCC3)[nH]c2c1=O	0.0	0.3642333333333333
CNc1ncc(C(=O)NCc2ccc(Cl)cc2)c2nc(-c3ccco3)nn12	1.0	0.288
Nc1nc(C(=O)NCC2CCCCC2)c2cccc(F)c2n1	1.0	0.3078766666666667
Cc1ccc(-c2nc(N)c3nn(Cc4ccccc4O)cc3n2)o1	1.0	0.47417333333333334
COc1ccc(-n2c(C(=O)c3sc(N4CCOCC4)nc3-c3ccccc3)cnc2N)cc1	0.0	0.24208666666666664
CNC(=O)[C@H]1[Se][C@@H](n2cnc3c(NCc4ccccc4Cl)ncnc32)[C@H](O)[C@@H]1O	0.0	0.28064666666666666
CCOc1cc(C(=O)NC2CC2)cc(-c2cccc(-c3cc(NC(=O)Nc4c(Cl)cncc4Cl)c(=O)n(CC)n3)c2)c1	1.0	0.3250633333333333
O[C@H]1CC[C@H](Nc2ncc(-c3ccc4ccccc4c3)c(-c3ccccc3)n2)CC1	1.0	0.48440000000000005
O=C(NCCCCCCNc1ncnc2c1ncn2[C@@H]1O[C@H](CO)[C@@H](O)[C@H]1O)c1cccc(-c2cccs2)c1	1.0	0.7015
CCCn1c(OC2CCC(O)C2)nc2nc(C3CCCC3)[nH]c2c1=O	1.0	0.4512533333333334
CCn1nc(-c2cccc(-c3cccc(C(=O)NCCC4CCCN4C)c3)c2)cc(NC(=O)Nc2c(Cl)cncc2Cl)c1=O	1.0	0.31756666666666666
Nc1nc(C(=O)NCc2ccc3ccccc3n2)c2cccc(F)c2n1	1.0	0.41004000000000007
CCC(CC)Nc1nc(Cl)nc2c1ncn2[C@H]1[C@H](O)[C@H](O)[C@]2(CO)C[C@H]12	1.0	0.7493399999999999
CNc1ncc(C(=O)OCc2ccccc2Br)c2nc(-c3ccco3)nn12	0.0	0.2334
O=c1oc2c(O)c(O)ccc2cc1-c1ccsc1	0.0	0.13
Nc1ncc(C(=O)c2ccc(Cl)cc2)n1-c1ccc(C(F)(F)F)cc1	0.0	0.1632
COc1ccc(-c2cnc(N)nc2-c2ccccc2)cc1OC	1.0	0.52295
Fc1ccc(C#Cc2nc(NCc3cccc(Cl)c3)c3nc[nH]c3n2)cc1F	0.0	0.2516523809523809
c1ccc(Nc2nc3ccccc3c3[nH]c(C4CCCC4)nc23)cc1	0.0	0.33447714285714286
CNc1nc(N)n2nc(-c3ccco3)nc2n1	0.0	0.2268666666666667
COc1ccc(N2CCOCC2)c2sc(NC(=O)C(C)(C)Oc3ccc(F)c(F)c3)nc12	0.0	0.2727366666666667
COc1ccc(N2CCOCC2)c2sc(NC(=O)C(C)(C)Oc3ccc(F)cc3)nc12	0.0	0.24456333333333333
COc1cccc(CNc2nc(N)c3nc(C)sc3n2)c1	1.0	0.2848
Nc1nc(-c2cccc(O)c2)cn2c(=O)n(-c3ccccc3)nc12	1.0	0.44699999999999995
O=C(Nc1nc(-c2cccs2)nc2cn(-c3ccccc3)nc12)c1cccnc1	0.0	0.41967999999999994
COc1cccc(Cn2cc3nc(-c4ccc(C)o4)nc(N)c3n2)c1	1.0	0.45766
O=c1[nH]c(-c2ccc(O)cc2)cn2c(=O)n(-c3ccccc3)nc12	0.0	0.358
N.Nc1nc2c(cnn2CCCc2ccc(OCc3ccc(S(=O)(=O)O)cc3)cc2)c2nc(-c3ccco3)nn12	0.0	0.36446666666666666
Cc1ccc(C(=O)c2cnc(N)n2-c2ccc(F)cc2)cc1	0.0	0.147
Nc1nc(-c2ccccc2)cn2cc(-c3ccccc3)nc12	1.0	0.5292000000000001
CCCCOc1ccnc2c(CNC(=O)c3nc(N)nc4c(F)cccc34)cccc12	0.0	0.37624
CCCn1c(Oc2cccc3[nH]ccc23)nc2nc(C3CCCC3)[nH]c2c1=O	1.0	0.3832399999999999
Clc1ccc(Nc2nc3c(Cl)ncnc3s2)cc1	0.0	0.1622
CCCn1c(Oc2cccc(C(F)(F)F)c2)nc2nc(C3CCCC3)[nH]c2c1=O	1.0	0.37357047619047623
COc1cc(Nc2nc3c(N4CCCC4)ncnc3s2)cc(OC)c1OC	0.0	0.18431333333333336
CCCn1c(O[C@H]2CCOC2)nc2nc(C3CCCC3)[nH]c2c1=O	1.0	0.42000000000000004
CCNC(=O)[C@H]1O[C@@H](n2cnc3c(N[C@@H]4CCC[C@H]4OCc4ccccc4)ncnc32)[C@H](O)[C@@H]1O	1.0	0.4421333333333333
O=C(Nc1nc(NC2CCCCC2)nc2nc(-c3ccco3)nn12)c1ccccc1	0.0	0.22816666666666668
CNc1ncc(C(=O)OC(c2ccccc2)c2ccccc2)c2nc(-c3ccco3)nn12	1.0	0.2439
Cc1ccc(C(=O)c2cnc(N)n2-c2ccccc2Cl)cc1	0.0	0.21495000000000003
OCCCNc1ncc(-c2cccc(Cl)c2)c(-c2ccccc2)n1	1.0	0.5166000000000001
NCCCCCNC(=O)COc1ccc(CCCn2ncc3c2nc(N)n2nc(-c4ccco4)nc32)cc1	0.0	0.10753333333333333
C[C@H](NC(=O)c1nc(N)nc2c(F)cccc12)c1cccc2cccnc12	0.0	0.376675
Cc1ccc(-c2cn3c(=O)n(-c4ccccc4)nc3c(=O)[nH]2)cc1	0.0	0.32680000000000003
Nc1ncc(C(=O)c2ccncc2)n1-c1ccc(Cl)cc1	0.0	0.23475000000000001
CCCn1c(Oc2ccc3[nH]ccc3c2)nc2nc(C3CCCC3)[nH]c2c1=O	1.0	0.41005
CNc1nc(NC(=O)Cc2ccccc2)n2nc(-c3ccco3)nc2n1	0.0	0.27195
Cc1cc(C)cc(-c2nc(N[C@@H]3CCOC3)c3ncn([C@@H]4O[C@H](Cn5nc(C)cc5C)[C@@H](O)[C@H]4O)c3n2)c1	1.0	0.61766
CCn1c(-c2ccccc2)nc2c(NC3CCC3)ncnc21	1.0	0.35259999999999997
Nc1nc(NCc2ccco2)nc2sc(-c3ccco3)nc12	1.0	0.46080000000000004
c1ccc(CNc2nc(NC3CCCCC3)n3nc(-c4ccco4)nc3n2)cc1	1.0	0.3364771428571428
CC(C)Nc1nc(NCc2ccccc2)n2nc(-c3ccco3)nc2n1	0.0	0.24563333333333331
CCOC(=O)CNC(=O)c1cnc(NCC(=O)OCC)n2nc(-c3ccco3)nc12	0.0	0.1576
Cc1ccc(Nc2nc3c(Cl)ncnc3s2)cc1	0.0	0.14143999999999998
COc1cnc(N2CCOCC2)c2sc(NC(=O)C(C)(C)Oc3ccc(F)cc3)nc12	0.0	0.20276999999999998
N#Cc1c(N)nc(SCc2ncn[nH]2)c(C#N)c1-c1ccc(OCC2CC2)cc1	0.0	0.9279999999999999
CCCCn1c(=O)c2nc(C34CC5CC(CC3C5)C4)[nH]c2n(CCCC)c1=O	1.0	0.7688666666666667
Cn1c(-c2ccccc2)nc2c(NC3CCOC3)ncnc21	1.0	0.34828666666666674
CNC(=O)[C@@]12C[C@@H]1[C@@H](n1cnc3c(OC)nc(C#Cc4ccc(Cl)s4)nc31)[C@H](O)[C@@H]2O	0.0	0.241175
Clc1ncnc2sc(NCCN3CCOCC3)nc12	0.0	0.17914
Nc1nc(C(=O)NCc2cccc3ccccc23)c2cccc(F)c2n1	1.0	0.3801333333333334
CCCCn1c(=O)c2c(nc3n2CCCN3c2ccc(OCCN(CC)CC)cc2)n(CCCC)c1=O	0.0	0.18591666666666667
Cc1ccc(-c2nc(N)c3nn(Cc4cccc(F)c4)cc3n2)o1	1.0	0.46857999999999994
COc1ccc(-c2cn3cc(-c4ccccc4)nc(N)c3n2)cc1	0.0	0.4673999999999999
Nc1ccc(-n2nc3c(N)nc(-c4ccccc4)cn3c2=O)cc1	1.0	0.48100000000000004
CCn1nc(-c2cccc(-c3cc(C#N)cc(C(=O)NC4CC4)c3)c2)cc(NC(=O)Nc2c(Cl)cncc2Cl)c1=O	0.0	0.3322233333333333
CCCn1c(OC2CCN(C)C2)nc2nc(C3CCCC3)[nH]c2c1=O	0.0	0.42827000000000004
CNc1ncc(C(=O)NCc2ccc(-c3ccccc3)cc2)c2nc(-c3ccco3)nn12	0.0	0.2177
OC[C@H]1O[C@@H](n2cnc3c(N[C@@H]4CCC[C@H]4OCc4ccccc4)ncnc32)[C@H](O)[C@@H]1O	1.0	0.7600666666666667
CCOC(=O)c1cnc(NNc2ccccc2)n2nc(-c3ccco3)nc12	0.0	0.1666
CCC[C@@H](CCO)Nc1nc(N)nc2c(F)cccc12	0.0	0.23473000000000002
Nc1nc(NCCc2ccccc2)nc2sc(-c3ccco3)nc12	1.0	0.37899999999999995
CC(C)CN1[C@H](C)Cc2cc(O)ccc2[C@H]1c1ccc(/C=C/C(=O)O)cc1	0.0	0.10976
CCOc1ccc(-c2c(C#N)c(N)nc(SCc3ncc[nH]3)c2C#N)cc1	1.0	0.961
C#CCOc1ccc(-c2cn3c(=O)n(-c4ccccc4)nc3c(N)n2)cc1	0.0	0.45707333333333333
CCNC(=O)[C@H]1O[C@@H](n2cnc3c(N[C@@H]4C[C@@H]5CCC[C@H](C4)N5C)ncnc32)[C@H](O)[C@@H]1O	0.0	0.5420166666666667
Fc1ccc(CNc2nc(NCc3ccccc3)nc3nc(-c4ccco4)nn23)cc1	0.0	0.19625714285714285
Nc1nc(C(=O)NCc2cccc3cccnc23)c2cccc(Br)c2n1	1.0	0.3515433333333333
O=c1oc2c(O)cccc2cc1-c1cccs1	0.0	0.1083
COc1ccc2c(N[C@@H](C)Cc3cc(C)[nH]n3)ncnc2c1OC	0.0	0.22546
CCn1nnc([C@H]2O[C@@H](n3cnc4c(NCc5cccc(Br)c5)nc(Cl)nc43)[C@H](O)[C@@H]2O)n1	1.0	0.6315333333333334
CCn1nc(-c2cccc(-c3cc(C(=O)NCC[C@H]4CCCN4C)cc(C(=O)NC4CC4)c3)c2)cc(NC(=O)Nc2c(Cl)cncc2Cl)c1=O	0.0	0.31188333333333335
Cc1ccc(Nc2nc3ccccc3c3[nH]c(C4CCCC4)nc23)cc1	0.0	0.33947714285714287
COC(=O)[C@@]12C[C@@H]1[C@@H](n1cnc3c(NC(C4CC4)C4CC4)nc(Cl)nc31)[C@H](O)[C@@H]2O	0.0	0.6033771428571428
CCn1nc(-c2cccc(-c3ccc(CC(=O)NCCCCCCCN(C)CCO)cc3)c2)cc(NC(=O)Nc2c(Cl)cncc2Cl)c1=O	1.0	0.32133333333333336
CC(=O)Oc1ccc2cc(-c3cccs3)c(=O)oc2c1OC(C)=O	0.0	0.1629
Cc1nc2c(N)nc(Nc3ccccc3)nc2s1	0.0	0.22859714285714286
CCCn1c(-c2cccc(C(N)=O)c2)nc2nc(C3CCCC3)[nH]c2c1=O	0.0	0.45915
Clc1ncnc2sc(Nc3ccccc3)nc12	0.0	0.11244999999999998
Nc1nc(NCCc2cccc(O)c2)nc2sc(-c3ccco3)nc12	1.0	0.38748999999999995
Nc1nc(-c2ccccc2)cn2c(=O)n(-c3ccccc3)nc12	1.0	0.5232
Nc1nc(-c2cccc(OCc3ccccc3)c2)cn2c(=O)n(-c3ccccc3)nc12	0.0	0.41305
Nc1ncc(C(=O)c2ccc(Cl)cc2)n1-c1ccc(F)c(Cl)c1	0.0	0.183
NCCCNC(=O)COc1ccc(CCCn2ncc3c2nc(N)n2nc(-c4ccco4)nc32)cc1	0.0	0.09330000000000001
COc1cc(Nc2nc3c(N4CCC[C@H]4CO)ncnc3s2)cc(OC)c1OC	0.0	0.28079999999999994
CNc1ncc(C(=O)NCc2ccc(C(F)(F)F)cc2)c2nc(-c3ccco3)nn12	0.0	0.23032761904761903
CNC(=O)[C@@]12C[C@@H]1[C@@H](n1cnc3c(C)nc(C#Cc4ccc(Cl)s4)nc31)[C@H](O)[C@@H]2O	0.0	0.24278166666666667
Cc1nc2c(N)nc(NCCc3cccs3)nc2s1	1.0	0.27424
C=C(C)COc1ccc(-c2c(C#N)c(N)nc(SCC(N)=O)c2C#N)cc1	0.0	0.8651333333333333
Nc1nc(Br)cn2cc(-c3ccccc3)nc12	0.0	0.38659999999999994
CCn1nnc([C@H]2O[C@@H](n3cnc4c(NCc5cccc(F)c5)nc(Cl)nc43)[C@H](O)[C@@H]2O)n1	1.0	0.6333333333333334
Nc1nc(C(=O)NCCc2ccccn2)c2cccc(F)c2n1	0.0	0.35075333333333336
CNc1nc(NC(=O)Nc2ccccc2)n2nc(-c3ccco3)nc2n1	0.0	0.23854999999999998
N#Cc1c(N)nc(SCc2cccc(C(N)=O)c2)c(C#N)c1-c1ccc(OCC2CC2)cc1	1.0	0.9619333333333333
CCOC(=O)c1cnc(NCCNC(=O)OC(C)(C)C)n2nc(-c3ccco3)nc12	0.0	0.15823333333333336
COc1ccccc1-n1cc2nc(CCCc3ccccc3)nc(N)c2n1	1.0	0.6842
CNC(=O)[C@H]1[Se][C@@H](n2cnc3c(NC4CC4)ncnc32)[C@H](O)[C@@H]1O	1.0	0.5593333333333333
CNc1ncc(C(=O)OCc2ccccc2C)c2nc(-c3ccco3)nn12	1.0	0.23099999999999996
Cn1cc2c(nc(NNC(=S)Nc3ccc(-c4c5ccc(=O)cc-5oc5cc(O)ccc45)c(C(=O)O)c3)n3nc(-c4ccco4)nc23)n1	0.0	0.25599999999999995
CNc1ncc(C(=O)NCc2ccc(F)cc2)c2nc(-c3ccco3)nn12	1.0	0.29368000000000005
COc1cccc(CNc2nc(N)c3nc(-c4cccs4)sc3n2)c1	1.0	0.35616666666666663
Nc1nc(NCCc2ccc(O)cc2)nc2sc(-c3ccco3)nc12	1.0	0.34364
N#Cc1c(N)nc(SCC2=NCCN2)c(C#N)c1-c1ccc(OCC2CC2)cc1	0.0	0.8739685714285714
COc1ccc(CNc2ncc(C(=O)NC(c3ccccc3)c3ccccc3)c3nc(-c4ccco4)nn23)cc1OC	1.0	0.15955333333333335
O=[N+]([O-])c1ccc(Nc2nc3c(N4CCCC4)ncnc3s2)cc1	0.0	0.18535333333333331
CCCn1c(Oc2ccc(S(N)(=O)=O)cc2)nc2nc(C3CCCC3)[nH]c2c1=O	0.0	0.38870000000000005
COc1ccccc1CNc1nc(N)c2nc(C)sc2n1	1.0	0.28217333333333333
Cn1c(-c2ccc(O)cc2)nc2c(NC3CCCC3)ncnc21	1.0	0.35984666666666665
Nc1ncc(-c2cccc(O)c2)c(-c2ccccc2)n1	1.0	0.5762499999999999
CC(C)Nc1nc(NC(=O)c2ccccc2)n2nc(-c3ccco3)nc2n1	0.0	0.20646666666666666
CCn1cnc2c(CNC(=O)c3nc(N)nc4c(F)cccc34)cccc21	1.0	0.3718852380952381
CNc1ncc(C(=O)OCc2cccc(OC)c2)c2nc(-c3ccco3)nn12	1.0	0.219
Nc1nc(C(=O)NCc2cccc3cccnc23)c2cccc(I)c2n1	1.0	0.3575033333333334
Nc1ncc(-c2ccc(O)c(O)c2)c(-c2ccccc2)n1	1.0	0.57275
Nc1nc(C(=O)NCc2ccnc3ccccc23)c2cccc(F)c2n1	0.0	0.40542333333333336
Nn1nc(-c2cccs2)c2sccc2c1=O	0.0	0.15016666666666664
O=c1[nH]c(-c2cccc(O)c2)cn2c(=O)n(-c3ccccc3)nc12	0.0	0.34500000000000003
CCNC(=O)[C@H]1O[C@@H](n2cnc3c(NCCCCCCNC(=O)c4ccc(-c5sc(N)c(C(=O)c6ccccc6)c5-c5cccc(C(F)(F)F)c5)cc4)ncnc32)[C@H](O)[C@@H]1O	1.0	0.4178333333333333
Nc1nc(-c2cccs2)nc2cn(-c3ccccc3)nc12	1.0	0.64288
N#Cc1c(N)nc(SCC(=O)NO)c(C#N)c1-c1ccc(OCC2CC2)cc1	0.0	0.8764
Cc1nc(Nc2ccccc2)sc1C(=O)c1cnc(N)n1-c1ccc(F)cc1	0.0	0.2156
Nc1nc(C(=O)NCc2cccc3cccnc23)c2ccc(F)cc2n1	1.0	0.37325
CN(C)c1ncnc2sc(Nc3ccccc3)nc12	0.0	0.12319380952380951
c1ccc(CNc2nc(NCc3ccccc3)n3nc(-c4ccco4)nc3n2)cc1	0.0	0.20566666666666666
CCCOC(=O)[C@@]12C[C@@H]1[C@@H](n1cnc3c(NC(C4CC4)C4CC4)nc(Cl)nc31)[C@H](O)[C@@H]2O	0.0	0.5423038095238095
C#CCCCC(=O)Nc1nc2cccc(Cl)c2c2nc(-c3ccco3)nn12	1.0	0.4855333333333333
CC(C)[C@H](Nc1nc(Cl)nc2c1ncn2[C@H]1[C@H](O)[C@H](O)[C@]2(CO)C[C@H]12)C1CC1	1.0	0.7484333333333334
Cn1c(-c2ccccc2Cl)nc2c(NC3CCCC3)ncnc21	1.0	0.2891
C#CCCCCC(=O)Nc1nc2nn(C)cc2c2nc(-c3ccco3)nn12	0.0	0.18460000000000001
CC(=O)Nc1cc(-c2ccc3c(c2)OCO3)cc(-c2ccc3c(c2)OCO3)n1	1.0	0.5739466666666667
CC[C@H](Nc1nc(Cl)nc2c1ncn2[C@H]1[C@H](O)[C@H](O)[C@]2(CO)C[C@H]12)C1CC1	1.0	0.7854466666666667
O=[N+]([O-])c1ccc(Nc2nc3c(Cl)ncnc3s2)cc1	0.0	0.19446666666666665
Nc1ncc(-c2ccc(F)cc2)c(-c2ccccc2)n1	1.0	0.5220833333333333
CCCn1c(Oc2cncc(Cl)c2)nc2nc(C3CCCC3)[nH]c2c1=O	1.0	0.37840333333333337
COc1ccccc1CNc1nc(N)c2nc(-c3ccccc3)sc2n1	1.0	0.3473
COc1ccccc1Cn1cc2nc(-c3ccc(C)o3)nc(N)c2n1	1.0	0.45382
Nc1ncc(-c2ccc(Cl)c(Cl)c2)c(-c2ccccc2)n1	1.0	0.55285
Nc1ncc(C(=O)c2ccc(Cl)cc2)n1-c1ccc(F)cc1	0.0	0.1812
c1ccc(CNc2nc(Oc3ccccc3)nc3nc(-c4ccco4)nn23)cc1	0.0	0.25579999999999997
Nc1nc(-c2cccs2)nc2cn(-c3ccccc3O)nc12	1.0	0.5091466666666666
CCNC(=O)[C@H]1O[C@@H](n2cnc3c(NC4C5CC6CC(C5)CC4C6)ncnc32)[C@H](O)[C@@H]1O	1.0	0.634
CCn1nc(-c2cccs2)c2sccc2c1=O	0.0	0.13298333333333334
Nc1sc(-c2ccc(C(=O)NCCCCCCNc3ncnc4c3ncn4[C@@H]3O[C@H](CO)[C@@H](O)[C@H]3O)cc2)cc1C(=O)c1ccccc1	1.0	0.5965833333333335
CCCn1c(Nc2cccc(C(F)(F)F)c2)nc2nc(C3CCCC3)[nH]c2c1=O	0.0	0.40815047619047623
CNc1ncc(C(=O)NCc2ccc(OC)c(OC)c2)c2nc(-c3ccco3)nn12	1.0	0.18228000000000003
Nc1nc(C(=O)NCc2cccc3cccnc23)c2cc(F)ccc2n1	0.0	0.3370466666666667
COc1cccc(-c2cn3c(=O)n(-c4ccccc4)nc3c(N)n2)c1	1.0	0.4367
CNC(=O)[C@H]1[Se][C@@H](n2cnc3c(NCc4cccc(Br)c4)nc(Cl)nc32)[C@H](O)[C@@H]1O	1.0	0.3826
COc1cccc(COC(=O)c2nn(-c3ccccc3)nc2N)c1	1.0	0.21276666666666663
CCn1nc(-c2cccc(-c3cccc(C(=O)NCCN4CCCCC4)c3)c2)cc(NC(=O)Nc2c(Cl)cncc2Cl)c1=O	1.0	0.29135666666666665
Nc1nc(C(=O)NCc2cccc3c2NCCC3)c2cccc(F)c2n1	1.0	0.3585516666666667
Nc1nc(NCc2ccsc2)nc2sc(-c3ccco3)nc12	1.0	0.41425
CCn1nc(-c2cccc(-c3cccc(C(=O)NCCN4CCOCC4)c3)c2)cc(NC(=O)Nc2c(Cl)cncc2Cl)c1=O	1.0	0.27975666666666665
COc1ccc(-n2c(C(=O)c3sc(Nc4ccc(Cl)cc4)nc3C)cnc2N)cc1	0.0	0.22369999999999995
CNc1ncc(C(=O)NC(C)(C)Cc2ccccc2)c2nc(-c3ccco3)nn12	1.0	0.2882
Cc1ccc(-c2nc(N)c3nn(Cc4cccc(O)c4)cc3n2)o1	1.0	0.44408000000000003
Fc1cccc(F)c1Nc1nc2c(N3CCCC3)ncnc2s1	0.0	0.17863380952380953
Cn1c(-c2ccccc2)nc2c(N)ncnc21	1.0	0.297
Nc1nc(NCc2cccs2)nc2sc(-c3cccs3)nc12	1.0	0.3667533333333334
CCC[C@@H](CCO)Nc1nc(N)nc2cc(OC)ccc12	0.0	0.2122
Fc1ccc(CNc2nc(NC3CCCCC3)nc3nc(-c4ccco4)nn23)cc1	0.0	0.2486238095238095
CCCn1c(=O)c2[nH]c(-c3cnn(CC4CC(=O)N(c5ccc(F)cc5)C4)c3)nc2n(CC)c1=O	0.0	0.3196
CNc1nc(NCc2ccccc2)n2nc(-c3ccco3)nc2n1	0.0	0.23440000000000003
Nc1ncc(-c2ccc(O)cc2)c(-c2ccccc2)n1	1.0	0.5768833333333333
O=C(Nc1nc(NCc2ccccc2)nc2nc(-c3ccco3)nn12)c1ccccc1	0.0	0.19019999999999998
CCOC(=O)[C@@]12C[C@@H]1[C@@H](n1cnc3c(NC(C4CC4)C4CC4)nc(Cl)nc31)[C@H](O)[C@@H]2O	0.0	0.5422138095238095
CNc1ncc(C(=O)OCc2ccccc2OC)c2nc(-c3ccco3)nn12	1.0	0.22923333333333334
O=C1Cc2cc(S(=O)(=O)NNc3ccc(Br)cc3)ccc2N1	0.0	0.09201666666666666
CCCn1c(Oc2cccc(O)c2)nc2nc(C3CCCC3)[nH]c2c1=O	1.0	0.39114
